<?xml version="1.0" encoding="UTF-8"?>
<document version="1.2.0">
  <chunks next_id="1" active_id="0">
    <chunk id="0" path="0/chunk.zip"/>
  </chunks>
  <meta>
    <property name="Info/LastSavedDateTime" value="2021:04:15 03:42:02"/>
    <property name="Info/LastSavedSoftwareVersion" value="1.7.2.12070"/>
    <property name="Info/OriginalDateTime" value="2021:04:15 03:41:38"/>
    <property name="Info/OriginalSoftwareName" value="Agisoft Metashape"/>
    <property name="Info/OriginalSoftwareVendor" value="Agisoft"/>
    <property name="Info/OriginalSoftwareVersion" value="1.7.2.12070"/>
  </meta>
</document>
